{
    "background": {
        "type": "image",
        "anchor_from": "center",
        "anchor_to": "center",
        "offset": [
            0.0,
            0.0
        ],
        "size": [
            "100%",
            "100%"
        ],
        "layer": 0,
        "alpha": 0.0,
        "fill": true,
        "rotate_pivot": [
            0.5,
            0.5
        ],
        "texture": "textures/ui/white_bg"
    },
    "custom_button@common.button": {
        "type": "button",
        "$control_alpha": 1.0,
        "$default_texture": "textures/netease/common/button/default",
        "$hover_texture": "textures/netease/common/button/hover",
        "$is_new_nine_slice": false,
        "$label_color": [
            1,
            1,
            1
        ],
        "$label_font_scale_factor": 1.0,
        "$label_font_size": "large",
        "$label_layer": 3,
        "$label_offset": [
            0,
            0
        ],
        "$label_text": "Button",
        "$nine_slice_buttom": 0,
        "$nine_slice_left": 0,
        "$nine_slice_right": 0,
        "$nine_slice_top": 0,
        "$nineslice_size": [
            0,
            0,
            0,
            0
        ],
        "$pressed_button_name": "%netease_editor_template_namespace.click",
        "$pressed_texture": "textures/netease/common/button/pressed",
        "$texture_layer": 2,
        "size": [
            100,
            50
        ],
        "layer": 2,
        "button_mappings": [],
        "default_control": "default",
        "hover_control": "hover",
        "is_handle_button_move_event": true,
        "pressed_control": "pressed",
        "bindings": [
            {
                "binding_type": "collection_details",
                "binding_collection_name": "",
                "binding_condition": "always_when_visible"
            }
        ],
        "controls": [
            {
                "default@netease_editor_template_namespace.default": {}
            },
            {
                "hover@netease_editor_template_namespace.hover": {}
            },
            {
                "pressed@netease_editor_template_namespace.pressed": {}
            },
            {
                "button_label@netease_editor_template_namespace.button_label": {}
            }
        ]
    },
    "custom_dragablebutton@common.button": {
        "type": "button",
        "$control_alpha": 1.0,
        "$default_texture": "textures/netease/common/button/default",
        "$hover_texture": "textures/netease/common/button/hover",
        "$is_new_nine_slice": false,
        "$label_color": [
            1,
            1,
            1
        ],
        "$label_font_scale_factor": 1.0,
        "$label_font_size": "large",
        "$label_layer": 3,
        "$label_offset": [
            0,
            0
        ],
        "$label_text": "Button",
        "$nine_slice_buttom": 0,
        "$nine_slice_left": 0,
        "$nine_slice_right": 0,
        "$nine_slice_top": 0,
        "$nineslice_size": [
            0,
            0,
            0,
            0
        ],
        "draggable": "both",
        "$pressed_button_name": "%netease_editor_template_namespace.click",
        "$pressed_texture": "textures/netease/common/button/pressed",
        "$texture_layer": 2,
        "size": [
            100,
            50
        ],
        "layer": 2,
        "button_mappings": [],
        "default_control": "default",
        "hover_control": "hover",
        "is_handle_button_move_event": true,
        "pressed_control": "pressed",
        "bindings": [
            {
                "binding_type": "collection_details",
                "binding_collection_name": "",
                "binding_condition": "always_when_visible"
            }
        ],
        "controls": [
            {
                "default@netease_editor_template_namespace.default": {}
            },
            {
                "hover@netease_editor_template_namespace.hover": {}
            },
            {
                "pressed@netease_editor_template_namespace.pressed": {}
            },
            {
                "button_label@netease_editor_template_namespace.button_label": {}
            }
        ]
    },
    "custom_edit_box@common.text_edit_box": {
        "type": "edit_box",
        "$edit_box_default_texture": "textures/ui/edit_box_indent",
        "$edit_box_hover_texture": "textures/ui/edit_box_indent_hover",
        "$font_scale_factor": 1.0,
        "$font_size": "normal",
        "$is_new_nine_slice": false,
        "$nine_slice_buttom": 0,
        "$nine_slice_left": 0,
        "$nine_slice_right": 0,
        "$nine_slice_top": 0,
        "$nineslice_size": [
            0,
            0,
            0,
            0
        ],
        "$place_holder_text": "请输入内容",
        "$place_holder_text_color": [
            0.5,
            0.5,
            0.5
        ],
        "$text_background_default": "netease_editor_template_namespace.edit_box_background_default",
        "$text_background_hover": "netease_editor_template_namespace.edit_box_background_hover",
        "$text_box_name": "%netease_editor_template_namespace.message",
        "$text_box_text_color": [
            1,
            1,
            1
        ],
        "$text_edit_box_content_binding_name": "#netease_editor_template_namespace.message_content",
        "$text_edit_box_label_anchor_point": "right_middle",
        "$text_edit_box_label_min_size": [
            "100%",
            0
        ],
        "$text_edit_box_label_size": [
            "default",
            "default"
        ],
        "size": [
            300,
            27
        ],
        "layer": 1,
        "max_length": 512
    },
    "custom_image": {
        "type": "image",
        "size": [
            100,
            100
        ],
        "layer": 1,
        "texture": "textures/netease/common/image/default"
    },
    "custom_label": {
        "type": "label",
        "size": [
            100,
            100
        ],
        "layer": 2,
        "font_type": "default",
        "text": "Hello World!",
        "text_alignment": "center"
    },
    "custom_panel": {
        "type": "panel",
        "anchor_to": "center",
        "size": [
            "100%",
            "100%"
        ],
        "layer": 1
    },
    "custom_paper_doll": {
        "type": "custom",
        "renderer": "netease_paper_doll_renderer",
        "size": [
            "100%",
            "100%"
        ],
        "layer": 1,
        "enable_scissor_test": false,
        "rotation": "gesture_x",
        "screen_scale": 1.0
    },
    "custom_switch_toggle@common_toggles.switch_toggle_collection": {
        "type": "panel",
        "$default_texture": "textures/ui/toggle_off",
        "$hover_texture": "textures/ui/toggle_on",
        "$pressed_no_hover_texture": "textures/ui/toggle_on_hover",
        "$pressed_texture": "textures/ui/toggle_off_hover",
        "$toggle_name": "#netease_editor_template_namespace.toggle_name",
        "$toggle_state_binding_name": "#netease_editor_template_namespace.toggle_state",
        "size": [
            100,
            100
        ],
        "layer": 1,
        "bindings": [
            {
                "binding_type": "collection_details",
                "binding_collection_name": "",
                "binding_condition": "always_when_visible"
            }
        ]
    },
    "namespace": "base_controls"
}