{
    "main": {
        "type": "screen",
        "controls": [
            {
                "panel": {
                    "type": "panel",
                    "offset": [
                        "0%+0px",
                        "0%+0px"
                    ],
                    "size": [
                        "80%+0px",
                        "90%+0px"
                    ],
                    "layer": 1,
                    "controls": [
                        {
                            "bg_black": {
                                "type": "image",
                                "offset": [
                                    "0%+0px",
                                    "0%+0px"
                                ],
                                "size": [
                                    "100%+0px",
                                    "100%+0px"
                                ],
                                "layer": 1,
                                "clip_direction": "left",
                                "clip_ratio": 0.0,
                                "texture": "textures/ui/beacon_button_locked",
                                "controls": [
                                    {
                                        "bg": {
                                            "type": "image",
                                            "size": [
                                                "100%+0px",
                                                "100%+0px"
                                            ],
                                            "layer": 1,
                                            "propagate_alpha": true,
                                            "clip_direction": "left",
                                            "clip_ratio": 0.0,
                                            "texture": "textures/ui/dialog_background_hollow_3"
                                        }
                                    }
                                ]
                            }
                        },
                        {
                            "close@common.button": {
                                "type": "button",
                                "$control_alpha": 1.0,
                                "$default_texture": "textures/ui/close_button_default_light",
                                "$hover_texture": "textures/ui/close_button_default_light",
                                "$is_new_nine_slice": false,
                                "$label_color": [
                                    1,
                                    1,
                                    1
                                ],
                                "$label_font_scale_factor": 1.0,
                                "$label_font_size": "large",
                                "$label_layer": 3,
                                "$label_offset": [
                                    0,
                                    0
                                ],
                                "$label_text": " ",
                                "$nine_slice_buttom": 0,
                                "$nine_slice_left": 0,
                                "$nine_slice_right": 0,
                                "$nine_slice_top": 0,
                                "$nineslice_size": [
                                    0,
                                    0,
                                    0,
                                    0
                                ],
                                "$pressed_button_name": "%netease_editor_template_namespace.click",
                                "$pressed_texture": "textures/ui/close_button_default_light",
                                "$texture_layer": 2,
                                "offset": [
                                    169.0,
                                    -96.5
                                ],
                                "size": [
                                    20.0,
                                    20.0
                                ],
                                "layer": 3,
                                "button_mappings": [],
                                "default_control": "default",
                                "hover_control": "hover",
                                "is_handle_button_move_event": true,
                                "pressed_control": "pressed",
                                "bindings": [
                                    {
                                        "binding_type": "collection_details",
                                        "binding_collection_name": "",
                                        "binding_condition": "always_when_visible"
                                    }
                                ],
                                "controls": [
                                    {
                                        "default@netease_editor_template_namespace.default": {}
                                    },
                                    {
                                        "hover@netease_editor_template_namespace.hover": {}
                                    },
                                    {
                                        "pressed@netease_editor_template_namespace.pressed": {}
                                    },
                                    {
                                        "button_label@netease_editor_template_namespace.button_label": {}
                                    }
                                ]
                            }
                        },
                        {
                            "codespace@common.text_edit_box": {
                                "type": "edit_box",
                                "$edit_box_default_texture": "textures/ui/edit_box_indent",
                                "$edit_box_hover_texture": "textures/ui/edit_box_indent_hover",
                                "$font_scale_factor": 1.0,
                                "$font_size": "normal",
                                "$is_new_nine_slice": false,
                                "$nine_slice_buttom": 0,
                                "$nine_slice_left": 0,
                                "$nine_slice_right": 0,
                                "$nine_slice_top": 0,
                                "$nineslice_size": [
                                    0,
                                    0,
                                    0,
                                    0
                                ],
                                "$place_holder_text": "输入代码",
                                "$place_holder_text_color": [
                                    0.5,
                                    0.5,
                                    0.5
                                ],
                                "$text_background_default": "netease_editor_template_namespace.edit_box_background_default",
                                "$text_background_hover": "netease_editor_template_namespace.edit_box_background_hover",
                                "$text_box_name": "%netease_editor_template_namespace.message",
                                "$text_box_text_color": [
                                    1,
                                    1,
                                    1
                                ],
                                "$text_edit_box_content_binding_name": "#netease_editor_template_namespace.message_content",
                                "$text_edit_box_label_anchor_point": "right_middle",
                                "$text_edit_box_label_min_size": [
                                    "100%",
                                    0
                                ],
                                "$text_edit_box_label_size": [
                                    "default",
                                    "default"
                                ],
                                "offset": [
                                    "0%+0px",
                                    "-10%+0px"
                                ],
                                "size": [
                                    "96%+0px",
                                    "60%+0px"
                                ],
                                "layer": 13,
                                "enabled_newline": true,
                                "max_length": 512
                            }
                        },
                        {
                            "result": {
                                "type": "label",
                                "offset": [
                                    "0%+0px",
                                    "33%+0px"
                                ],
                                "size": [
                                    "96%+0px",
                                    "26%+0px"
                                ],
                                "layer": 36,
                                "font_type": "default",
                                "text": "运行结果"
                            }
                        },
                        {
                            "enter@common.button": {
                                "type": "button",
                                "$control_alpha": 1.0,
                                "$default_texture": "textures/netease/common/button/default",
                                "$hover_texture": "textures/netease/common/button/hover",
                                "$is_new_nine_slice": false,
                                "$label_color": [
                                    1,
                                    1,
                                    1
                                ],
                                "$label_font_scale_factor": 1.0,
                                "$label_font_size": "normal",
                                "$label_layer": 3,
                                "$label_offset": [
                                    0,
                                    0
                                ],
                                "$label_text": "运行",
                                "$nine_slice_buttom": 0,
                                "$nine_slice_left": 0,
                                "$nine_slice_right": 0,
                                "$nine_slice_top": 0,
                                "$nineslice_size": [
                                    0,
                                    0,
                                    0,
                                    0
                                ],
                                "$pressed_button_name": "%netease_editor_template_namespace.click",
                                "$pressed_texture": "textures/netease/common/button/pressed",
                                "$texture_layer": 2,
                                "offset": [
                                    "40%+0px",
                                    "40%+0px"
                                ],
                                "size": [
                                    "0%+50px",
                                    "0%+30px"
                                ],
                                "layer": 37,
                                "button_mappings": [],
                                "default_control": "default",
                                "hover_control": "hover",
                                "is_handle_button_move_event": true,
                                "pressed_control": "pressed",
                                "bindings": [
                                    {
                                        "binding_type": "collection_details",
                                        "binding_collection_name": "",
                                        "binding_condition": "always_when_visible"
                                    }
                                ],
                                "controls": [
                                    {
                                        "default@netease_editor_template_namespace.default": {}
                                    },
                                    {
                                        "hover@netease_editor_template_namespace.hover": {}
                                    },
                                    {
                                        "pressed@netease_editor_template_namespace.pressed": {}
                                    },
                                    {
                                        "button_label@netease_editor_template_namespace.button_label": {}
                                    }
                                ]
                            }
                        }
                    ]
                }
            }
        ]
    },
    "namespace": "debug"
}